{"object": ["TZ"],
    "int64": ["GIL",
     "TotalIntel",
     "AggravetedViolenceIntel",
     "SimpleViolenceIntel",
     "PropertyIntel",
     "AutoVehicleTheftIntel",
     "BurglaryIntel",
     "DrugsIntel",
     "PublicOrderIntel",
     "SecurityIntel",
     "MoneyLoundryIntel",
     "OtherRulesIntel",
     "MoralGamblingIntel",
     "SexIntel",
     "FraudForgeryIntel",
     "SocialSocietyIntel",
     "PrisonIntel",
     "OrganizedCrimeIntel",
     "BaldarutIntel",
     "DrugTrafickingIntel",
     "DrugImportExportIntel",
     "TotalDirectConnections",
     "TotalDirectPhoneConnections",
     "TotalDirectVehicleConnections",
     "TotalCriminalAssociates",
     "AllInclusion",
     "AllInclusion5Years",
     "AllSearchDocs",
     "AllSearchDocs5Years",
     "PliliConnections5Years",
     "SocialConnections5Years",
     "OtherConnections5Years",
     "InvestigationConnections5Years",
     "ConnDrugsPerson5Years",
     "ConnDrugTrafficingPerson5Years",
     "ConnDrugImportPerson5Years",
     "ConnDrugBaldarPerson5Years",
     "ConnPersonToPersonByCar5Years"],
    "category": ["MIN",
     "ERETZ_L",
     "ERETZ_ALIYA",
     "DAT",
     "M_MISHP",
     "YESHUV",
     "SUG_AVERA_SHA",
     "YOM_BASHAVUA_SHA",
     "MONTH_SHA",
     "YEAR_SHA",
     "SUG_MAKOM_SHA1",
     "SUG_MAKOM_SHA2",
     "SUG_MAKOM_SHA3",
     "TIK_LO_HUR",
     "YE_CHOK_SHCHI",
     "YE_PO_SHCHI",
     "ZIKA_SHCHI",
     "ILAT_SGI_SHCHI",
     "BEIT_MAATZ_SHACHIACH",
     "SUG_HAARA_1",
     "SUG_HAARA_2",
     "SUG_HAARA_3",
     "SHAAT_HAGAA_SHCH",
     "MONTH_SHACH_TISA",
     "DAY_HAGAA_SHACH",
     "DAY_AZIVA_SHACH",
     "OFEN_AZIVA_SHACH",
     "OFEN_HAGAA_SHACH",
     "KELE_SHACHIACH",
     "HACHRAZA_1",
     "HACHRAZA_2",
     "HACHRAZA_3"],
    "bool": ["IND_OLE",
     "IND_AV_MEK",
     "IND_HO_TA",
     "IND_HO_MER",
     "IND_HO_MACH",
     "IND_EFIS",
     "IND_DNA",
     "LO_HURSHA",
     "AVERAT_MAATZ_1",
     "AVERAT_MAATZ_2",
     "AVERAT_MAATZ_3",
     "ABOVE_5_YETS",
     "IND_ZMAN_SHAUT_KATZAR",
     "IND_MAASAR_HOTZLAP",
     "IND_GNEVAT_RECHEV",
     "IND_BEALIM_R",
     "IND_BAAL_NESHEK",
     "IND_NESHEK_GANUV",
     "IND_NESHEK_AVAD",
     "IND_NESHEK_BUTAL",
     "IND_NESHEK_HUSHMAD",
     "IND_NESHEK_CHALUT",
     "IND_NESHEK_MUFKAD",
     "IND_HACHRAZA",
     "IND_RISHAYON",
     "IND_PSILAT_RISH",
     "IND_BAAL_DOTAN_CHAM",
     "IND_MAATZ_DOTAN",
     "AVERA_AFTER_TA",
     "AVERA_AFTER_DNA",
     "AVERA_KATIN",
     "AVERA_BAGIR ",
     "AVERA_BAGIR_KATIN",
     "MAATZ_BITACH",
     "MAATZ_ALIM_CHAMU",
     "MAATZ_MIN",
     "MAATZ_SAMIM",
     "MAATZ_MUSAR",
     "MAATZ_SHOD",
     "MAATZ_HITPARTZ",
     "MAATZ_GNEVAT_RECH",
     "MAATZ_RECHUSH",
     "MAATZ_SADATZ",
     "MAATZ_ALIMUT_KALA",
     "MAATZ_HASAGAT_GV",
     "MAATZ_GNEVOT",
     "MAATZ_VANDAL",
     "MAATZ_MIRMA",
     "MAATZ_KNISA_ISR",
     "MAATZ_IUMIM",
     "MAATZ_NACHALAT_M",
     "MAATZ_OTHER",
     "Bdukai",
     "PersonObjectiveIndication",
     "OrganizedCrimeMembershipIndication",
     "DirectDrugImportingConnection",
     "DirectOrganizedCrimeConnection",
     "DirectDrugPlaceConnection",
     "DirectGamblingPlaceConnection",
     "BlackmailIntelIndication",
     "Group"],
    "int32": ["KAMUT_TIK",
     "KAMUT_SEIF",
     "KAMUT_TIK_TVI",
     "KAMUT_TIK_PRAK",
     "KAMUT_TIK_TACHANA",
     "HURSHA",
     "KAMUT_GNUZIM",
     "KAMUT_BECHAKIRA",
     "KAMUT_BETAHLICH_SGI",
     "KAMUT_MENIA_LEU_YE",
     "KAMUT_MENIA_LEU_ARA",
     "KAMUT_MENIA_PLILI",
     "KAMUT_MAATZ",
     "KAMUT_BATEI_MAATZ",
     "KAMUT_YETZ",
     "KAMUT_YETZIA_TABA",
     "KAMUT_YETZIA_YARDEN",
     "KAMUT_YETZIA_RAFIACH",
     "KAMUT_YETZIA_FROM_NATBAG",
     "KAMUT_KNISA_LENATBAG",
     "KAMUT_KNISA_FROM_TABA",
     "KAMUT_KNISA_FROM_YARDEN",
     "KAMUT_KNISA_FROM_RAFIACH",
     "KAMUT_MAASAR",
     "KAMUT_BATEI_KELE",
     "KAMUT_TIk_HOTZLAP",
     "KAMUT_BIMASH_HOTZLAP",
     "KAMUT_GNUVIM",
     "KAMUT_RECHAVIM",
     "KAMUT_NESHEK",
     "KAMUT_DO_RAGIL",
     "KAMUT_DO_CHAMUR",
     "KAMUT_DOT_BEF_CHAM1",
     "KAMUT_DOT_BEF_CHAM2",
     "KAMUT_DOT_BEF_CHAM3",
     "ALIMUT_CHAM",
     "MIM",
     "SAMIM",
     "MUSAR",
     "SHOD",
     "HITPARTZ",
     "GNEVAT_RECHEV",
     "RECHUSH_GANUV",
     "SADATZ",
     "ALIMUT_KALA",
     "HASAGAT_GVUL",
     "GNEVOT",
     "VANDAL",
     "MIRMA",
     "KNISA_ISRAEL",
     "IUMIM",
     "NACH_MISHPAT",
     "OTHER",
     "HEROIN",
     "COCAINE",
     "MARICHUANA",
     "OTHER_SAMIM",
     "TIK_BEFOR_TA",
     "TIK_AFTER_TA ",
     "TIK_BEFOR_DNA",
     "TIK_AFTER_DNA"],
    "float32": ["MEMUTZA_BEIN_ERU",
     "MEMUTZA_KAMUT_SHUT",
     "MEMUTZA_MERCH_ERUA_MEGURIM",
     "MEMUTZA_PTICHA_LEPRAK",
     "MEMUTZA_PTICHA_LEHARSHAA",
     "MEMUTZA_PTICHA_LESGIRA",
     "MEMUTZA_TAA_ERUA_LEGILUI",
     "MEMUTZA_GILUI_LEPR",
     "MEMUTZA_ZMAN_MAATZ",
     "PAAR_MAATZ_TISA_1",
     "PAAR_MAATZ_TISA_2",
     "PAAR_MAATZ_TISA_3",
     "MEMUTZA_YETZ",
     "MEMUTZA_TKUF_MAASAR_BECHODA",
     "MEMUTZA_MAASARIM_BESHANA",
     "PAAR_MAASAR_TISA_1",
     "PAAR_MAASAR_TISA_2",
     "PAAR_MAASAR_TISA_3",
     "SCHUM_HOTZLAP",
     "BITACH_AND_MEDINA",
     "GIL_TIK_1"],
    "float64": ["GIL_MAATZ_1",
     "GIL_MAATZ_2",
     "GIL_MAATZ_3",
     "MEMUTZA_SHAUT_CHUL",
     "GIL_MAASAR_1",
     "GIL_MAASAR_2",
     "GIL_MAASAR_3",
     "OnsetIntel",
     "LagFromLastInclusionDays",
     "LagFromLastSearchDocsDays",
     "LagFromLastYediaDays",
     "LagFromLastAnyDocDays",
     "LagFromBeforeLastAnyDocDays"]
}
   